Distance_(unit),Gray_Value
0.0000,2.667
0.0031,2.667
0.0062,2.667
0.0093,2.667
0.0124,2.667
0.0155,2.667
0.0186,2.667
0.0217,2.667
0.0248,2.667
0.0278,2.667
0.0309,2.667
0.0340,2.667
0.0371,2.667
0.0402,2.667
0.0433,2.667
0.0464,2.667
0.0495,2.667
0.0526,2.667
0.0557,2.667
0.0588,2.667
0.0619,2.667
0.0650,2.667
0.0681,2.667
0.0712,2.667
0.0743,2.667
0.0774,2.667
0.0804,2.667
0.0835,2.667
0.0866,2.667
0.0897,2.667
0.0928,2.667
0.0959,2.667
0.0990,2.667
0.1021,2.667
0.1052,2.667
0.1083,2.667
0.1114,2.667
0.1145,2.667
0.1176,2.667
0.1207,2.667
0.1238,2.667
0.1269,2.667
0.1300,2.667
0.1330,2.667
0.1361,2.667
0.1392,2.667
0.1423,2.667
0.1454,2.667
0.1485,2.667
0.1516,2.667
0.1547,2.667
0.1578,2.667
0.1609,2.667
0.1640,2.667
0.1671,2.667
0.1702,2.667
0.1733,2.667
0.1764,2.667
0.1795,2.667
0.1826,2.667
0.1857,2.667
0.1887,2.667
0.1918,2.667
0.1949,2.667
0.1980,2.667
0.2011,2.667
0.2042,2.667
0.2073,2.667
0.2104,2.667
0.2135,2.667
0.2166,2.667
0.2197,2.667
0.2228,2.667
0.2259,2.667
0.2290,2.667
0.2321,2.667
0.2352,2.667
0.2383,2.667
0.2413,2.667
0.2444,2.667
0.2475,2.667
0.2506,2.667
0.2537,2.667
0.2568,2.667
0.2599,2.667
0.2630,2.667
0.2661,2.667
0.2692,2.667
0.2723,2.667
0.2754,2.667
0.2785,2.667
0.2816,2.667
0.2847,2.667
0.2878,2.667
0.2909,2.667
0.2939,2.667
0.2970,2.667
0.3001,2.667
0.3032,2.667
0.3063,2.667
0.3094,2.667
0.3125,2.667
0.3156,2.667
0.3187,2.667
0.3218,2.667
0.3249,2.667
0.3280,2.667
0.3311,2.667
0.3342,2.667
0.3373,2.667
0.3404,2.667
0.3435,2.667
0.3465,2.667
0.3496,2.667
0.3527,2.667
0.3558,2.667
0.3589,2.667
0.3620,2.667
0.3651,2.667
0.3682,2.667
0.3713,2.667
0.3744,2.667
0.3775,2.667
0.3806,2.667
0.3837,2.667
0.3868,2.667
0.3899,2.667
0.3930,2.667
0.3961,2.667
0.3991,2.667
0.4022,2.667
0.4053,2.667
0.4084,2.667
0.4115,2.667
0.4146,3.951
0.4177,4.000
0.4208,4.000
0.4239,4.000
0.4270,4.000
0.4301,4.000
0.4332,4.320
0.4363,4.333
0.4394,4.333
0.4425,4.333
0.4456,4.333
0.4487,4.333
0.4518,4.333
0.4548,4.900
0.4579,4.942
0.4610,4.998
0.4641,5.000
0.4672,5.000
0.4703,5.000
0.4734,5.000
0.4765,5.000
0.4796,5.000
0.4827,5.000
0.4858,5.000
0.4889,5.000
0.4920,5.000
0.4951,5.000
0.4982,5.000
0.5013,5.000
0.5044,5.000
0.5074,5.000
0.5105,5.000
0.5136,5.318
0.5167,5.333
0.5198,5.755
0.5229,6.309
0.5260,6.333
0.5291,6.333
0.5322,7.172
0.5353,7.646
0.5384,7.667
0.5415,7.903
0.5446,9.264
0.5477,10.081
0.5508,10.510
0.5539,11.610
0.5570,11.983
0.5600,12.950
0.5631,13.950
0.5662,14.950
0.5693,15.949
0.5724,16.000
0.5755,17.581
0.5786,18.615
0.5817,19.931
0.5848,20.000
0.5879,22.512
0.5910,22.665
0.5941,22.667
0.5972,22.667
0.6003,22.667
0.6034,22.667
0.6065,21.520
0.6096,21.223
0.6126,18.807
0.6157,18.502
0.6188,17.081
0.6219,16.055
0.6250,15.056
0.6281,14.371
0.6312,12.760
0.6343,12.667
0.6374,10.466
0.6405,10.036
0.6436,8.743
0.6467,8.667
0.6498,8.667
0.6529,8.303
0.6560,8.015
0.6591,7.802
0.6622,9.242
0.6652,9.333
0.6683,9.333
0.6714,10.274
0.6745,10.333
0.6776,11.586
0.6807,11.980
0.6838,12.626
0.6869,13.918
0.6900,14.313
0.6931,14.333
0.6962,14.333
0.6993,14.333
0.7024,14.335
0.7055,14.969
0.7086,15.018
0.7117,15.863
0.7148,15.893
0.7179,15.866
0.7209,15.054
0.7240,15.000
0.7271,15.000
0.7302,14.526
0.7333,14.511
0.7364,14.528
0.7395,14.546
0.7426,15.583
0.7457,16.562
0.7488,16.602
0.7519,16.039
0.7550,15.488
0.7581,15.478
0.7612,13.635
0.7643,13.179
0.7674,13.148
0.7705,13.139
0.7735,12.320
0.7766,12.243
0.7797,12.016
0.7828,12.000
0.7859,11.602
0.7890,11.741
0.7921,11.744
0.7952,12.108
0.7983,12.119
0.8014,12.196
0.8045,12.207
0.8076,12.166
0.8107,13.932
0.8138,14.931
0.8169,15.019
0.8200,15.927
0.8231,16.927
0.8261,17.926
0.8292,19.544
0.8323,19.667
0.8354,23.241
0.8385,23.759
0.8416,23.804
0.8447,23.782
0.8478,23.756
0.8509,24.179
0.8540,24.171
0.8571,23.711
0.8602,22.727
0.8633,21.125
0.8664,19.953
0.8695,18.934
0.8726,17.198
0.8757,15.624
0.8787,14.424
0.8818,14.333
0.8849,13.240
0.8880,12.415
0.8911,11.647
0.8942,11.463
0.8973,11.444
0.9004,10.703
0.9035,10.356
0.9066,10.333
0.9097,10.946
0.9128,11.796
0.9159,11.631
0.9190,11.663
0.9221,12.585
0.9252,12.696
0.9283,12.974
0.9313,13.344
0.9344,14.858
0.9375,16.528
0.9406,18.171
0.9437,20.103
0.9468,21.824
0.9499,24.026
0.9530,25.236
0.9561,25.587
0.9592,26.821
0.9623,27.705
0.9654,28.210
0.9685,27.763
0.9716,27.606
0.9747,27.249
0.9778,27.502
0.9809,27.144
0.9839,26.700
0.9870,26.667
0.9901,25.755
0.9932,24.607
0.9963,23.420
0.9994,22.509
1.0025,22.126
1.0056,20.736
1.0087,19.186
1.0118,18.825
1.0149,18.472
1.0180,18.434
1.0211,17.463
1.0242,17.030
1.0273,17.000
1.0304,16.270
1.0335,14.805
1.0366,14.364
1.0396,12.927
1.0427,12.757
1.0458,12.370
1.0489,12.333
1.0520,12.333
1.0551,12.333
1.0582,13.541
1.0613,13.749
1.0644,15.216
1.0675,16.845
1.0706,18.508
1.0737,19.873
1.0768,21.507
1.0799,23.173
1.0830,25.891
1.0861,24.472
1.0892,28.866
1.0922,31.740
1.0953,28.693
1.0984,29.236
1.1015,30.607
1.1046,26.374
1.1077,25.687
1.1108,25.224
1.1139,24.414
1.1170,23.843
1.1201,22.776
1.1232,22.308
1.1263,21.725
1.1294,21.667
1.1325,21.067
1.1356,20.579
1.1387,19.996
1.1418,19.691
1.1448,18.365
1.1479,18.020
1.1510,18.000
1.1541,18.000
1.1572,18.897
1.1603,19.000
1.1634,19.668
1.1665,20.866
1.1696,21.007
1.1727,22.167
1.1758,22.569
1.1789,22.889
1.1820,24.183
1.1851,25.228
1.1882,26.526
1.1913,27.507
1.1944,28.729
1.1974,29.532
1.2005,29.954
1.2036,30.639
1.2067,31.264
1.2098,31.333
1.2129,31.333
1.2160,32.225
1.2191,32.630
1.2222,32.667
1.2253,33.558
1.2284,33.667
1.2315,33.356
1.2346,33.894
1.2377,36.071
1.2408,37.223
1.2439,38.223
1.2470,37.444
1.2500,37.333
1.2531,36.235
1.2562,35.811
1.2593,35.365
1.2624,34.396
1.2655,33.141
1.2686,32.113
1.2717,30.049
1.2748,28.887
1.2779,28.452
1.2810,28.356
1.2841,28.056
1.2872,27.411
1.2903,27.596
1.2934,27.628
1.2965,27.615
1.2996,27.597
1.3027,27.579
1.3057,27.562
1.3088,27.544
1.3119,28.115
1.3150,28.176
1.3181,28.158
1.3212,28.140
1.3243,28.123
1.3274,28.105
1.3305,28.304
1.3336,28.333
1.3367,29.802
1.3398,30.486
1.3429,30.943
1.3460,32.027
1.3491,32.158
1.3522,33.028
1.3553,34.095
1.3583,33.730
1.3614,33.667
1.3645,33.667
1.3676,33.374
1.3707,33.333
1.3738,33.333
1.3769,33.333
1.3800,30.409
1.3831,30.000
1.3862,29.416
1.3893,29.333
1.3924,29.453
1.3955,29.974
1.3986,29.756
1.4017,30.545
1.4048,30.083
1.4079,31.158
1.4109,31.606
1.4140,32.537
1.4171,32.762
1.4202,33.849
1.4233,34.676
1.4264,35.556
1.4295,38.057
1.4326,38.915
1.4357,40.768
1.4388,42.837
1.4419,45.223
1.4450,47.398
1.4481,49.227
1.4512,50.337
1.4543,54.458
1.4574,55.668
1.4605,55.799
1.4635,56.709
1.4666,57.464
1.4697,57.981
1.4728,58.346
1.4759,58.922
1.4790,60.447
1.4821,61.148
1.4852,61.230
1.4883,62.276
1.4914,62.932
1.4945,63.668
1.4976,63.973
1.5007,64.000
1.5038,63.221
1.5069,63.588
1.5100,64.272
1.5131,64.398
1.5161,65.493
1.5192,66.531
1.5223,66.667
1.5254,66.667
1.5285,68.395
1.5316,68.667
1.5347,68.954
1.5378,69.863
1.5409,70.863
1.5440,71.863
1.5471,72.000
1.5502,72.000
1.5533,74.585
1.5564,73.277
1.5595,72.813
1.5626,73.828
1.5657,74.000
1.5688,72.566
1.5718,71.799
1.5749,73.210
1.5780,72.208
1.5811,71.141
1.5842,70.427
1.5873,70.333
1.5904,69.189
1.5935,69.000
1.5966,68.714
1.5997,67.998
1.6028,65.720
1.6059,63.167
1.6090,61.610
1.6121,61.146
1.6152,59.707
1.6183,56.612
1.6214,54.630
1.6244,55.404
1.6275,50.838
1.6306,48.901
1.6337,47.007
1.6368,45.530
1.6399,43.060
1.6430,41.246
1.6461,39.503
1.6492,38.047
1.6523,35.880
1.6554,34.628
1.6585,33.967
1.6616,33.356
1.6647,32.186
1.6678,31.361
1.6709,30.879
1.6740,30.403
1.6770,32.041
1.6801,32.287
1.6832,33.368
1.6863,33.863
1.6894,35.117
1.6925,35.790
1.6956,37.115
1.6987,37.323
1.7018,37.612
1.7049,37.988
1.7080,38.063
1.7111,38.081
1.7142,38.098
1.7173,38.116
1.7204,37.964
1.7235,37.969
1.7266,38.004
1.7296,38.039
1.7327,38.184
1.7358,38.222
1.7389,38.239
1.7420,38.257
1.7451,37.761
1.7482,37.667
1.7513,38.229
1.7544,38.333
1.7575,38.333
1.7606,38.333
1.7637,37.771
1.7668,37.667
1.7699,37.947
1.7730,38.000
1.7761,38.842
1.7792,39.000
1.7822,40.619
1.7853,41.828
1.7884,43.366
1.7915,43.934
1.7946,44.840
1.7977,45.840
1.8008,48.708
1.8039,51.362
1.8070,53.324
1.8101,55.844
1.8132,58.127
1.8163,58.841
1.8194,59.352
1.8225,59.478
1.8256,61.041
1.8287,62.206
1.8318,63.742
1.8348,65.026
1.8379,66.661
1.8410,67.682
1.8441,68.463
1.8472,68.376
1.8503,68.175
1.8534,68.170
1.8565,68.197
1.8596,69.213
1.8627,69.518
1.8658,69.571
1.8689,69.615
1.8720,69.659
1.8751,68.863
1.8782,68.677
1.8813,68.667
1.8844,68.389
1.8875,68.333
1.8905,69.037
1.8936,69.303
1.8967,69.056
1.8998,65.122
1.9029,63.226
1.9060,62.446
1.9091,61.503
1.9122,59.950
1.9153,59.013
1.9184,57.379
1.9215,56.733
1.9246,54.181
1.9277,54.365
1.9308,54.640
1.9339,53.281
1.9370,52.077
1.9401,51.200
1.9431,51.012
1.9462,51.827
1.9493,50.158
1.9524,49.238
1.9555,48.394
1.9586,48.245
1.9617,48.189
1.9648,47.960
1.9679,47.291
1.9710,47.175
1.9741,47.274
1.9772,47.211
1.9803,47.734
1.9834,46.840
1.9865,46.077
1.9896,44.903
1.9927,44.428
1.9957,43.827
1.9988,41.780
2.0019,41.095
2.0050,40.331
2.0081,40.212
2.0112,40.095
2.0143,39.581
2.0174,38.945
2.0205,38.698
2.0236,39.179
2.0267,39.057
2.0298,39.000
2.0329,39.000
2.0360,38.727
2.0391,38.667
2.0422,38.299
2.0453,38.190
2.0483,40.756
2.0514,41.718
2.0545,39.690
2.0576,38.828
2.0607,41.671
2.0638,42.333
2.0669,39.618
2.0700,39.234
2.0731,37.568
2.0762,37.173
2.0793,36.947
2.0824,36.705
2.0855,35.950
2.0886,35.686
2.0917,35.124
2.0948,34.485
2.0979,34.860
2.1009,34.700
2.1040,34.122
2.1071,34.002
2.1102,33.461
2.1133,33.333
2.1164,33.333
2.1195,33.333
2.1226,33.445
2.1257,33.497
2.1288,34.450
2.1319,34.667
2.1350,34.937
2.1381,35.145
2.1412,35.657
2.1443,35.774
2.1474,36.053
2.1505,36.327
2.1536,36.293
2.1566,36.631
2.1597,37.492
2.1628,37.667
2.1659,38.064
2.1690,38.133
2.1721,39.752
2.1752,40.407
2.1783,40.939
2.1814,41.736
2.1845,42.337
2.1876,42.766
2.1907,43.766
2.1938,44.000
2.1969,43.563
2.2000,43.883
2.2031,42.801
2.2062,41.143
2.2092,40.254
2.2123,40.019
2.2154,39.925
2.2185,39.175
2.2216,39.534
2.2247,39.669
2.2278,40.468
2.2309,39.665
2.2340,39.161
2.2371,39.557
2.2402,38.713
2.2433,37.833
2.2464,37.133
2.2495,36.792
2.2526,36.749
2.2557,36.758
2.2588,36.953
2.2618,37.000
2.2649,37.000
2.2680,37.000
2.2711,37.324
2.2742,37.433
2.2773,37.991
2.2804,38.562
2.2835,38.667
2.2866,38.667
2.2897,38.667
2.2928,38.667
2.2959,40.827
2.2990,40.596
2.3021,41.915
2.3052,43.935
2.3083,46.143
2.3114,47.328
2.3144,51.198
2.3175,55.645
2.3206,50.915
2.3237,49.073
2.3268,50.675
2.3299,54.130
2.3330,54.971
2.3361,51.040
2.3392,46.063
2.3423,43.985
2.3454,47.127
2.3485,48.000
2.3516,46.682
2.3547,45.543
2.3578,43.830
2.3609,42.785
2.3640,41.811
2.3670,40.861
2.3701,39.615
2.3732,38.807
2.3763,37.353
2.3794,36.299
2.3825,35.237
2.3856,35.000
2.3887,33.796
2.3918,32.840
2.3949,33.454
2.3980,33.667
2.4011,34.191
2.4042,34.760
2.4073,35.241
2.4104,35.545
2.4135,36.434
2.4166,36.667
2.4196,37.268
2.4227,38.210
2.4258,39.540
2.4289,41.270
2.4320,42.973
2.4351,44.428
2.4382,46.506
2.4413,47.334
2.4444,48.915
2.4475,49.662
2.4506,50.722
2.4537,51.000
2.4568,51.260
2.4599,51.333
2.4630,51.558
2.4661,51.651
2.4692,50.861
2.4723,52.900
2.4753,54.776
2.4784,54.531
2.4815,55.312
2.4846,56.757
2.4877,56.179
2.4908,53.576
2.4939,51.434
2.4970,50.569
2.5001,48.498
2.5032,46.542
2.5063,44.067
2.5094,42.271
2.5125,40.284
2.5156,38.793
2.5187,36.452
2.5218,35.740
2.5249,35.089
2.5279,34.520
2.5310,34.129
2.5341,33.752
2.5372,33.680
2.5403,34.663
2.5434,37.058
2.5465,38.956
2.5496,39.996
2.5527,41.142
2.5558,42.349
2.5589,44.097
2.5620,45.560
2.5651,46.704
2.5682,46.877
2.5713,49.047
2.5744,51.465
2.5775,50.952
2.5805,50.920
2.5836,52.916
2.5867,55.268
2.5898,55.016
2.5929,54.797
2.5960,58.017
2.5991,56.461
2.6022,57.058
2.6053,59.379
2.6084,57.945
2.6115,57.268
2.6146,57.394
2.6177,56.125
2.6208,55.321
2.6239,54.056
2.6270,53.903
2.6301,52.464
2.6331,50.087
2.6362,49.059
2.6393,49.962
2.6424,45.534
2.6455,43.158
2.6486,41.817
2.6517,40.952
2.6548,39.866
2.6579,38.337
2.6610,37.341
2.6641,36.945
2.6672,34.987
2.6703,34.562
2.6734,35.043
2.6765,35.965
2.6796,37.245
2.6827,38.585
2.6857,38.984
2.6888,40.237
2.6919,40.162
2.6950,42.543
2.6981,45.825
2.7012,47.872
2.7043,49.048
2.7074,50.773
2.7105,52.653
2.7136,54.500
2.7167,59.407
2.7198,62.037
2.7229,64.096
2.7260,66.229
2.7291,67.876
2.7322,67.785
2.7353,68.103
2.7384,68.101
2.7414,68.264
2.7445,69.593
2.7476,70.394
2.7507,69.117
2.7538,67.414
2.7569,66.748
2.7600,64.844
2.7631,62.168
2.7662,60.213
2.7693,57.936
2.7724,55.688
2.7755,52.934
2.7786,50.165
2.7817,48.149
2.7848,46.929
2.7879,46.622
2.7910,43.920
2.7940,42.175
2.7971,42.277
2.8002,41.545
2.8033,41.225
2.8064,39.805
2.8095,39.337
2.8126,38.608
2.8157,39.377
2.8188,40.865
2.8219,43.218
2.8250,44.929
2.8281,47.731
2.8312,51.186
2.8343,53.982
2.8374,55.650
2.8405,57.441
2.8436,58.960
2.8466,61.322
2.8497,64.475
2.8528,68.772
2.8559,71.374
2.8590,74.769
2.8621,76.513
2.8652,77.198
2.8683,77.211
2.8714,76.770
2.8745,76.743
2.8776,78.068
2.8807,78.524
2.8838,77.815
2.8869,76.401
2.8900,71.840
2.8931,69.438
2.8962,68.468
2.8992,66.766
2.9023,65.376
2.9054,64.146
2.9085,62.656
2.9116,61.444
2.9147,57.224
2.9178,50.979
2.9209,47.092
2.9240,47.061
2.9271,44.383
2.9302,41.624
2.9333,41.021
2.9364,39.329
2.9395,39.512
2.9426,38.966
2.9457,38.421
2.9488,37.596
2.9518,37.498
2.9549,38.381
2.9580,39.861
2.9611,41.090
2.9642,44.718
2.9673,47.490
2.9704,52.141
2.9735,54.818
2.9766,59.888
2.9797,62.274
2.9828,65.093
2.9859,66.462
2.9890,68.695
2.9921,71.039
2.9952,72.827
2.9983,74.720
3.0014,77.333
3.0045,80.153
3.0075,82.226
3.0106,83.457
3.0137,81.129
3.0168,80.565
3.0199,80.739
3.0230,81.221
3.0261,80.977
3.0292,79.899
3.0323,78.803
3.0354,77.422
3.0385,77.018
3.0416,75.776
3.0447,73.888
3.0478,70.957
3.0509,66.031
3.0540,60.531
3.0571,55.716
3.0601,52.154
3.0632,48.075
3.0663,46.237
3.0694,45.328
3.0725,43.997
3.0756,43.023
3.0787,42.622
3.0818,42.394
3.0849,42.575
3.0880,44.990
3.0911,46.062
3.0942,46.146
3.0973,47.138
3.1004,49.066
3.1035,52.324
3.1066,55.745
3.1097,58.836
3.1127,67.228
3.1158,72.585
3.1189,72.113
3.1220,72.582
3.1251,77.400
3.1282,82.096
3.1313,86.018
3.1344,91.609
3.1375,91.781
3.1406,90.968
3.1437,90.254
3.1468,89.520
3.1499,88.374
3.1530,87.972
3.1561,87.955
3.1592,87.990
3.1623,88.704
3.1653,89.249
3.1684,87.158
3.1715,86.243
3.1746,83.010
3.1777,80.776
3.1808,77.133
3.1839,75.156
3.1870,73.394
3.1901,72.488
3.1932,69.449
3.1963,65.449
3.1994,61.954
3.2025,55.659
3.2056,48.483
3.2087,44.120
3.2118,41.740
3.2149,40.555
3.2179,39.617
3.2210,39.100
3.2241,38.418
3.2272,37.818
3.2303,36.860
3.2334,36.868
3.2365,39.758
3.2396,44.370
3.2427,50.565
3.2458,56.839
3.2489,63.156
3.2520,69.414
3.2551,75.559
3.2582,80.410
3.2613,83.528
3.2644,86.300
3.2675,87.901
3.2705,90.134
3.2736,93.526
3.2767,96.316
3.2798,97.506
3.2829,97.935
3.2860,98.170
3.2891,98.901
3.2922,99.077
3.2953,98.817
3.2984,97.575
3.3015,95.559
3.3046,93.541
3.3077,91.989
3.3108,91.360
3.3139,90.606
3.3170,89.168
3.3201,88.406
3.3232,87.250
3.3262,83.559
3.3293,78.043
3.3324,71.985
3.3355,69.348
3.3386,64.825
3.3417,55.838
3.3448,48.305
3.3479,41.115
3.3510,37.794
3.3541,36.393
3.3572,36.982
3.3603,36.572
3.3634,36.638
3.3665,37.977
3.3696,40.342
3.3727,44.693
3.3758,50.194
3.3788,55.470
3.3819,60.471
3.3850,70.843
3.3881,78.415
3.3912,81.660
3.3943,84.651
3.3974,89.858
3.4005,92.512
3.4036,92.362
3.4067,94.286
3.4098,97.065
3.4129,98.720
3.4160,100.316
3.4191,103.358
3.4222,105.346
3.4253,104.289
3.4284,103.319
3.4314,104.119
3.4345,101.806
3.4376,101.665
3.4407,102.457
3.4438,101.163
3.4469,99.692
3.4500,99.070
3.4531,98.083
3.4562,95.626
3.4593,92.587
3.4624,89.422
3.4655,84.064
3.4686,78.302
3.4717,72.131
3.4748,64.864
3.4779,57.166
3.4810,50.504
3.4840,46.786
3.4871,44.851
3.4902,44.022
3.4933,42.751
3.4964,42.308
3.4995,42.540
3.5026,42.414
3.5057,43.006
3.5088,44.919
3.5119,46.819
3.5150,51.282
3.5181,56.314
3.5212,64.353
3.5243,71.934
3.5274,79.531
3.5305,85.137
3.5336,91.288
3.5366,93.584
3.5397,94.626
3.5428,96.147
3.5459,97.733
3.5490,98.615
3.5521,99.585
3.5552,101.148
3.5583,103.476
3.5614,104.438
3.5645,104.403
3.5676,104.333
3.5707,103.530
3.5738,103.130
3.5769,103.017
3.5800,102.897
3.5831,103.219
3.5862,103.196
3.5893,102.354
3.5923,101.004
3.5954,98.088
3.5985,93.068
3.6016,85.954
3.6047,78.940
3.6078,69.173
3.6109,60.819
3.6140,54.426
3.6171,48.915
3.6202,45.475
3.6233,43.828
3.6264,44.708
3.6295,46.680
3.6326,45.561
3.6357,44.055
3.6388,42.601
3.6419,42.159
3.6449,44.686
3.6480,49.645
3.6511,55.921
3.6542,61.274
3.6573,66.319
3.6604,69.585
3.6635,76.800
3.6666,81.988
3.6697,85.702
3.6728,89.551
3.6759,96.864
3.6790,101.789
3.6821,105.683
3.6852,108.499
3.6883,110.973
3.6914,111.633
3.6945,111.426
3.6975,111.844
3.7006,112.528
3.7037,114.106
3.7068,112.996
3.7099,112.200
3.7130,111.695
3.7161,110.911
3.7192,107.581
3.7223,103.353
3.7254,101.275
3.7285,102.117
3.7316,101.034
3.7347,100.593
3.7378,95.471
3.7409,89.610
3.7440,84.443
3.7471,79.997
3.7501,74.723
3.7532,72.325
3.7563,69.424
3.7594,63.507
3.7625,57.325
3.7656,53.417
3.7687,50.659
3.7718,48.378
3.7749,46.454
3.7780,47.091
3.7811,49.428
3.7842,51.659
3.7873,53.730
3.7904,56.757
3.7935,61.810
3.7966,68.160
3.7997,75.437
3.8027,81.318
3.8058,85.508
3.8089,89.513
3.8120,94.949
3.8151,99.774
3.8182,102.405
3.8213,104.789
3.8244,107.700
3.8275,109.953
3.8306,113.659
3.8337,117.739
3.8368,119.922
3.8399,119.721
3.8430,119.207
3.8461,119.400
3.8492,119.420
3.8523,118.594
3.8554,114.116
3.8584,110.215
3.8615,108.448
3.8646,108.564
3.8677,106.731
3.8708,101.636
3.8739,97.605
3.8770,97.343
3.8801,95.984
3.8832,93.205
3.8863,90.154
3.8894,87.013
3.8925,81.949
3.8956,74.135
3.8987,67.319
3.9018,63.029
3.9049,59.165
3.9080,56.915
3.9110,56.196
3.9141,56.727
3.9172,57.120
3.9203,58.249
3.9234,58.978
3.9265,59.860
3.9296,62.665
3.9327,66.235
3.9358,72.248
3.9389,77.043
3.9420,82.851
3.9451,86.611
3.9482,91.435
3.9513,96.806
3.9544,104.745
3.9575,110.660
3.9606,114.512
3.9636,119.104
3.9667,122.620
3.9698,124.433
3.9729,125.339
3.9760,125.179
3.9791,124.786
3.9822,124.272
3.9853,124.886
3.9884,125.402
3.9915,126.211
3.9946,127.976
3.9977,126.405
4.0008,125.004
4.0039,128.004
4.0070,127.497
4.0101,122.142
4.0132,119.031
4.0162,113.284
4.0193,107.118
4.0224,100.436
4.0255,95.758
4.0286,93.774
4.0317,90.467
4.0348,85.433
4.0379,79.448
4.0410,73.374
4.0441,68.747
4.0472,66.426
4.0503,65.126
4.0534,63.175
4.0565,61.691
4.0596,61.222
4.0627,62.407
4.0658,64.007
4.0688,66.425
4.0719,70.929
4.0750,77.129
4.0781,86.587
4.0812,94.392
4.0843,101.350
4.0874,107.860
4.0905,112.075
4.0936,114.574
4.0967,116.830
4.0998,120.302
4.1029,125.650
4.1060,128.448
4.1091,129.201
4.1122,129.288
4.1153,128.903
4.1184,128.177
4.1214,127.975
4.1245,128.340
4.1276,130.046
4.1307,131.595
4.1338,132.186
4.1369,130.211
4.1400,127.964
4.1431,125.804
4.1462,122.290
4.1493,120.310
4.1524,122.669
4.1555,124.173
4.1586,120.722
4.1617,113.317
4.1648,107.338
4.1679,103.710
4.1710,98.014
4.1741,89.398
4.1771,80.389
4.1802,74.425
4.1833,71.054
4.1864,69.277
4.1895,68.196
4.1926,68.107
4.1957,68.670
4.1988,68.970
4.2019,70.778
4.2050,73.747
4.2081,77.815
4.2112,80.869
4.2143,88.550
4.2174,94.163
4.2205,97.737
4.2236,102.112
4.2267,108.076
4.2297,113.621
4.2328,118.833
4.2359,124.049
4.2390,128.572
4.2421,130.579
4.2452,130.150
4.2483,128.580
4.2514,128.441
4.2545,128.262
4.2576,128.034
4.2607,128.364
4.2638,129.232
4.2669,129.935
4.2700,130.464
4.2731,130.375
4.2762,127.239
4.2793,125.779
4.2823,127.537
4.2854,129.001
4.2885,129.474
4.2916,128.665
4.2947,126.290
4.2978,123.993
4.3009,122.941
4.3040,119.944
4.3071,114.499
4.3102,110.046
4.3133,107.451
4.3164,103.321
4.3195,95.874
4.3226,87.668
4.3257,81.566
4.3288,76.380
4.3319,71.880
4.3349,69.912
4.3380,70.836
4.3411,72.410
4.3442,74.555
4.3473,77.468
4.3504,81.216
4.3535,83.535
4.3566,86.677
4.3597,90.415
4.3628,97.672
4.3659,105.903
4.3690,114.887
4.3721,122.084
4.3752,128.881
4.3783,135.424
4.3814,140.868
4.3845,142.972
4.3875,141.375
4.3906,139.724
4.3937,139.867
4.3968,141.628
4.3999,140.383
4.4030,140.369
4.4061,143.118
4.4092,144.941
4.4123,144.140
4.4154,142.733
4.4185,142.336
4.4216,142.466
4.4247,142.642
4.4278,143.768
4.4309,138.062
4.4340,131.572
4.4371,125.836
4.4402,121.939
4.4432,119.800
4.4463,115.302
4.4494,108.744
4.4525,104.966
4.4556,101.445
4.4587,96.592
4.4618,93.394
4.4649,88.831
4.4680,83.042
4.4711,80.064
4.4742,79.204
4.4773,77.591
4.4804,75.293
4.4835,76.244
4.4866,79.312
4.4897,81.454
4.4928,86.079
4.4958,92.099
4.4989,100.744
4.5020,109.680
4.5051,117.820
4.5082,123.375
4.5113,128.466
4.5144,133.480
4.5175,137.617
4.5206,139.442
4.5237,142.760
4.5268,144.888
4.5299,144.610
4.5330,144.917
4.5361,145.553
4.5392,145.667
4.5423,145.385
4.5454,145.055
4.5484,144.902
4.5515,144.978
4.5546,145.242
4.5577,145.899
4.5608,146.662
4.5639,147.386
4.5670,147.483
4.5701,146.988
4.5732,145.710
4.5763,143.222
4.5794,139.312
4.5825,134.621
4.5856,129.973
4.5887,125.517
4.5918,121.408
4.5949,118.313
4.5980,114.331
4.6010,110.153
4.6041,105.519
4.6072,100.332
4.6103,95.154
4.6134,90.284
4.6165,86.577
4.6196,84.345
4.6227,85.334
4.6258,87.155
4.6289,90.578
4.6320,94.853
4.6351,102.242
4.6382,110.105
4.6413,118.113
4.6444,124.846
4.6475,131.196
4.6506,137.156
4.6536,140.258
4.6567,142.117
4.6598,145.535
4.6629,148.330
4.6660,148.780
4.6691,150.251
4.6722,150.621
4.6753,150.740
4.6784,152.039
4.6815,150.927
4.6846,147.357
4.6877,145.881
4.6908,147.862
4.6939,149.438
4.6970,149.487
4.7001,149.136
4.7032,147.172
4.7063,145.663
4.7093,146.760
4.7124,147.952
4.7155,149.000
4.7186,148.595
4.7217,147.821
4.7248,147.250
4.7279,147.514
4.7310,143.954
4.7341,136.077
4.7372,132.015
4.7403,129.540
4.7434,120.009
4.7465,107.748
4.7496,100.173
4.7527,97.682
4.7558,97.756
4.7589,98.259
4.7619,97.884
4.7650,97.974
4.7681,100.442
4.7712,105.049
4.7743,109.430
4.7774,115.637
4.7805,121.171
4.7836,126.960
4.7867,132.757
4.7898,140.109
4.7929,145.764
4.7960,145.265
4.7991,143.620
4.8022,142.101
4.8053,138.416
4.8084,150.564
4.8115,171.722
4.8145,180.038
4.8176,181.658
4.8207,181.995
4.8238,177.610
4.8269,171.043
4.8300,173.240
4.8331,179.576
4.8362,177.876
4.8393,177.443
4.8424,184.009
4.8455,184.189
4.8486,180.759
4.8517,177.155
4.8548,171.867
4.8579,169.362
4.8610,167.009
4.8641,159.489
4.8671,151.045
4.8702,147.194
4.8733,146.155
4.8764,144.759
4.8795,143.575
4.8826,142.963
4.8857,138.980
4.8888,131.005
4.8919,124.507
4.8950,119.497
4.8981,115.455
4.9012,111.678
4.9043,109.297
4.9074,110.069
4.9105,113.750
4.9136,119.349
4.9167,124.264
4.9197,127.987
4.9228,130.854
4.9259,132.385
4.9290,136.072
4.9321,141.359
4.9352,145.442
4.9383,141.767
4.9414,138.227
4.9445,149.446
4.9476,162.050
4.9507,165.166
4.9538,172.479
4.9569,185.400
4.9600,194.677
4.9631,195.488
4.9662,190.128
4.9693,187.647
4.9723,192.672
4.9754,195.793
4.9785,192.446
4.9816,191.962
4.9847,195.729
4.9878,199.026
4.9909,203.267
4.9940,201.130
4.9971,193.651
5.0002,191.190
5.0033,196.432
5.0064,199.624
5.0095,197.512
5.0126,188.987
5.0157,176.309
5.0188,163.182
5.0219,154.041
5.0250,147.800
5.0280,142.260
5.0311,138.140
5.0342,135.575
5.0373,134.346
5.0404,130.808
5.0435,129.000
5.0466,127.415
5.0497,125.598
5.0528,126.431
5.0559,128.697
5.0590,129.881
5.0621,131.520
5.0652,137.026
5.0683,151.694
5.0714,170.064
5.0745,184.104
5.0776,191.779
5.0806,194.396
5.0837,193.347
5.0868,191.210
5.0899,191.532
5.0930,200.283
5.0961,210.009
5.0992,217.075
5.1023,223.968
5.1054,227.667
5.1085,228.694
5.1116,227.996
5.1147,226.401
5.1178,224.762
5.1209,224.769
5.1240,224.770
5.1271,225.074
5.1302,225.082
5.1332,225.309
5.1363,225.373
5.1394,225.282
5.1425,223.255
5.1456,223.133
5.1487,224.308
5.1518,221.825
5.1549,211.186
5.1580,200.188
5.1611,194.476
5.1642,188.813
5.1673,182.787
5.1704,177.523
5.1735,169.781
5.1766,163.660
5.1797,161.618
5.1828,159.327
5.1858,152.254
5.1889,145.254
5.1920,143.289
5.1951,148.717
5.1982,156.738
5.2013,160.980
5.2044,164.606
5.2075,171.184
5.2106,181.474
5.2137,188.042
5.2168,184.463
5.2199,181.563
5.2230,193.080
5.2261,209.636
5.2292,222.988
5.2323,232.849
5.2354,237.816
5.2384,238.641
5.2415,239.305
5.2446,240.530
5.2477,239.224
5.2508,236.985
5.2539,238.523
5.2570,243.067
5.2601,245.386
5.2632,245.578
5.2663,244.424
5.2694,243.393
5.2725,243.455
5.2756,243.842
5.2787,244.175
5.2818,244.679
5.2849,244.603
5.2880,244.184
5.2911,243.227
5.2941,240.298
5.2972,240.443
5.3003,242.466
5.3034,238.582
5.3065,233.922
5.3096,231.406
5.3127,225.966
5.3158,216.812
5.3189,213.063
5.3220,215.101
5.3251,213.636
5.3282,206.206
5.3313,198.133
5.3344,194.464
5.3375,194.602
5.3406,196.262
5.3437,198.436
5.3467,201.041
5.3498,209.504
5.3529,217.615
5.3560,220.790
5.3591,223.380
5.3622,225.020
5.3653,228.825
5.3684,230.775
5.3715,231.123
5.3746,233.743
5.3777,236.770
5.3808,244.819
5.3839,252.044
5.3870,251.996
5.3901,252.114
5.3932,252.320
5.3963,252.438
5.3993,253.398
5.4024,253.143
5.4055,252.926
5.4086,253.290
5.4117,252.962
5.4148,252.785
5.4179,252.929
5.4210,252.529
5.4241,252.246
5.4272,252.053
5.4303,252.108
5.4334,252.507
5.4365,252.421
5.4396,251.739
5.4427,251.942
5.4458,251.995
5.4489,251.728
5.4519,249.872
5.4550,246.993
5.4581,243.257
5.4612,241.297
5.4643,241.315
5.4674,237.653
5.4705,228.756
5.4736,222.970
5.4767,224.055
5.4798,224.364
5.4829,224.774
5.4860,225.022
5.4891,227.145
5.4922,229.998
5.4953,229.059
5.4984,228.635
5.5015,230.225
5.5045,231.461
5.5076,232.305
5.5107,235.456
5.5138,244.335
5.5169,251.638
5.5200,252.924
5.5231,253.333
5.5262,253.465
5.5293,253.923
5.5324,254.242
5.5355,253.709
5.5386,253.445
5.5417,253.667
5.5448,253.667
5.5479,253.667
5.5510,253.667
5.5541,253.667
5.5571,253.667
5.5602,253.667
5.5633,253.667
5.5664,253.667
5.5695,253.667
5.5726,253.667
5.5757,253.667
5.5788,253.667
5.5819,253.667
5.5850,253.667
5.5881,253.499
5.5912,253.333
5.5943,253.333
5.5974,252.999
5.6005,252.667
5.6036,253.001
5.6067,251.997
5.6098,248.664
5.6128,244.645
5.6159,241.160
5.6190,241.166
5.6221,246.663
5.6252,252.464
5.6283,253.862
5.6314,252.989
5.6345,253.068
5.6376,253.140
5.6407,252.667
5.6438,252.667
5.6469,253.164
5.6500,253.667
5.6531,253.667
5.6562,253.667
5.6593,253.998
5.6624,254.003
5.6654,253.667
5.6685,253.667
5.6716,253.667
5.6747,253.667
5.6778,253.667
5.6809,253.667
5.6840,253.667
5.6871,253.667
5.6902,253.667
5.6933,253.667
5.6964,253.667
5.6995,253.667
5.7026,253.667
5.7057,253.667
5.7088,253.667
5.7119,253.667
5.7150,253.667
5.7180,253.667
5.7211,253.667
5.7242,253.667
5.7273,253.667
5.7304,253.667
5.7335,253.667
5.7366,253.667
5.7397,253.667
5.7428,253.667
5.7459,253.667
5.7490,253.667
5.7521,253.667
5.7552,253.667
5.7583,253.667
5.7614,253.667
5.7645,253.667
5.7676,253.667
5.7706,253.667
5.7737,253.667
5.7768,253.667
5.7799,253.667
5.7830,253.667
5.7861,253.667
5.7892,253.667
5.7923,253.667
5.7954,253.667
5.7985,253.667
5.8016,253.667
5.8047,253.667
5.8078,253.667
5.8109,253.667
5.8140,253.667
5.8171,253.667
5.8202,253.667
5.8232,253.667
5.8263,253.667
5.8294,253.667
5.8325,253.667
5.8356,253.667
5.8387,253.667
5.8418,253.667
5.8449,253.667
5.8480,253.667
5.8511,253.667
5.8542,253.667
5.8573,253.667
5.8604,253.667
5.8635,253.667
5.8666,253.667
5.8697,253.667
5.8728,253.667
5.8759,253.667
5.8789,253.667
5.8820,253.667
5.8851,253.667
5.8882,253.667
5.8913,253.667
5.8944,253.667
5.8975,253.667
5.9006,253.667
5.9037,253.667
5.9068,253.667
5.9099,253.667
5.9130,253.667
5.9161,253.667
5.9192,253.667
5.9223,253.667
5.9254,253.667
5.9285,253.667
5.9315,253.667
5.9346,253.667
5.9377,253.667
5.9408,253.667
5.9439,253.667
5.9470,253.667
5.9501,253.667
5.9532,253.667
5.9563,253.667
5.9594,253.667
5.9625,253.667
5.9656,253.667
5.9687,253.667
5.9718,253.667
5.9749,253.667
5.9780,253.667
5.9811,253.667
5.9841,253.667
5.9872,253.667
5.9903,253.667
5.9934,253.667
5.9965,253.667
5.9996,253.667
6.0027,253.667
6.0058,253.667
6.0089,253.667
6.0120,253.667
6.0151,253.667
6.0182,253.667
6.0213,253.667
6.0244,253.667
6.0275,253.667
6.0306,253.667
6.0337,253.667
6.0367,253.667
6.0398,253.667
6.0429,253.667
6.0460,253.667
6.0491,253.667
6.0522,253.667
6.0553,253.667
6.0584,253.667
6.0615,253.667
6.0646,253.667
6.0677,253.667
6.0708,253.667
6.0739,253.667
6.0770,253.667
6.0801,253.667
6.0832,253.667
6.0863,253.667
6.0893,253.667
6.0924,253.667
6.0955,253.667
6.0986,253.667
6.1017,253.667
6.1048,253.667
6.1079,253.667
6.1110,253.667
6.1141,253.667
6.1172,253.667
6.1203,253.667
6.1234,253.667
6.1265,253.667
6.1296,253.667
6.1327,253.667
6.1358,253.667
6.1389,253.667
6.1420,253.667
6.1450,253.667
6.1481,253.667
6.1512,253.667
6.1543,253.667
6.1574,253.667
6.1605,253.667
6.1636,253.667
6.1667,253.667
6.1698,253.667
6.1729,253.667
6.1760,253.667
6.1791,253.667
6.1822,253.445
6.1853,253.126
6.1884,253.607
6.1915,253.835
6.1946,252.862
6.1976,252.163
6.2007,250.640
6.2038,243.631
6.2069,234.650
6.2100,231.607
6.2131,230.757
6.2162,229.961
6.2193,232.809
6.2224,241.619
6.2255,250.635
6.2286,253.584
6.2317,253.574
6.2348,253.667
6.2379,253.667
6.2410,253.667
6.2441,253.667
6.2472,253.667
6.2502,253.667
6.2533,253.667
6.2564,253.667
6.2595,253.667
6.2626,253.667
6.2657,253.667
6.2688,253.667
6.2719,253.667
6.2750,253.667
6.2781,253.667
6.2812,253.814
6.2843,253.853
6.2874,253.520
6.2905,253.260
6.2936,253.185
6.2967,253.260
6.2998,253.480
6.3028,253.688
6.3059,252.450
6.3090,251.530
6.3121,251.750
6.3152,250.069
6.3183,247.675
6.3214,244.689
6.3245,239.785
6.3276,233.836
6.3307,226.249
6.3338,215.849
6.3369,206.303
6.3400,201.772
6.3431,205.333
6.3462,207.475
6.3493,205.175
6.3524,198.922
6.3554,202.036
6.3585,215.751
6.3616,220.906
6.3647,218.643
6.3678,219.939
6.3709,228.331
6.3740,235.508
6.3771,240.411
6.3802,243.268
6.3833,244.478
6.3864,245.918
6.3895,246.627
6.3926,246.587
6.3957,249.943
6.3988,250.229
6.4019,248.932
6.4050,250.809
6.4080,250.568
6.4111,250.334
6.4142,250.248
6.4173,250.444
6.4204,250.429
6.4235,250.164
6.4266,250.304
6.4297,250.368
6.4328,250.599
6.4359,247.733
6.4390,242.095
6.4421,240.095
6.4452,235.873
6.4483,232.330
6.4514,238.549
6.4545,244.523
6.4576,243.975
6.4607,239.781
6.4637,234.087
6.4668,227.637
6.4699,221.972
6.4730,215.290
6.4761,203.236
6.4792,187.922
6.4823,176.435
6.4854,170.396
6.4885,160.043
6.4916,157.386
6.4947,157.984
6.4978,159.460
6.5009,164.124
6.5040,166.143
6.5071,169.467
6.5102,173.384
6.5133,181.382
6.5163,190.755
6.5194,192.969
6.5225,191.383
6.5256,198.231
6.5287,213.601
6.5318,226.300
6.5349,228.144
6.5380,222.985
6.5411,216.637
6.5442,219.473
6.5473,227.887
6.5504,234.749
6.5535,237.468
6.5566,237.112
6.5597,235.996
6.5628,235.257
6.5659,234.466
6.5689,233.956
6.5720,234.188
6.5751,234.313
6.5782,235.029
6.5813,236.133
6.5844,235.435
6.5875,234.183
6.5906,233.073
6.5937,230.436
6.5968,228.511
6.5999,224.202
6.6030,213.497
6.6061,204.092
6.6092,195.508
6.6123,179.132
6.6154,164.770
6.6185,156.447
6.6215,152.347
6.6246,145.397
6.6277,142.992
6.6308,141.759
6.6339,140.936
6.6370,140.648
6.6401,140.115
6.6432,139.788
6.6463,140.827
6.6494,142.085
6.6525,143.602
6.6556,142.756
6.6587,144.417
6.6618,156.056
6.6649,171.639
6.6680,192.252
6.6711,208.322
6.6741,212.888
6.6772,211.041
6.6803,208.225
6.6834,210.570
6.6865,217.899
6.6896,223.775
6.6927,222.323
6.6958,213.755
6.6989,204.821
6.7020,205.615
6.7051,215.802
6.7082,228.140
6.7113,230.848
6.7144,229.413
6.7175,224.953
6.7206,214.538
6.7237,204.113
6.7268,205.126
6.7298,213.075
6.7329,214.204
6.7360,216.335
6.7391,220.250
6.7422,213.407
6.7453,204.680
6.7484,200.754
6.7515,201.400
6.7546,200.216
6.7577,194.217
6.7608,176.898
6.7639,156.275
6.7670,141.979
6.7701,139.351
6.7732,136.142
6.7763,131.146
6.7794,127.224
6.7824,121.587
6.7855,116.220
6.7886,114.403
6.7917,116.595
6.7948,121.371
6.7979,126.700
6.8010,131.019
6.8041,131.114
6.8072,129.466
6.8103,135.471
6.8134,145.720
6.8165,157.065
6.8196,156.224
6.8227,150.479
6.8258,149.205
6.8289,153.272
6.8320,177.196
6.8350,200.655
6.8381,205.661
6.8412,205.104
6.8443,203.005
6.8474,198.180
6.8505,197.178
6.8536,195.800
6.8567,190.571
6.8598,189.319
6.8629,189.251
6.8660,190.788
6.8691,195.674
6.8722,198.655
6.8753,190.463
6.8784,182.926
6.8815,181.230
6.8846,180.891
6.8876,177.700
6.8907,171.043
6.8938,169.663
6.8969,170.773
6.9000,168.396
6.9031,156.325
6.9062,143.321
6.9093,138.008
6.9124,133.876
6.9155,127.165
6.9186,119.571
6.9217,112.676
6.9248,109.007
6.9279,106.055
6.9310,103.304
6.9341,102.358
6.9372,103.885
6.9402,107.505
6.9433,112.149
6.9464,116.747
6.9495,120.006
6.9526,123.934
6.9557,130.282
6.9588,137.994
6.9619,144.744
6.9650,148.811
6.9681,150.295
6.9712,150.956
6.9743,150.412
6.9774,147.926
6.9805,149.104
6.9836,159.572
6.9867,168.244
6.9898,171.543
6.9929,173.148
6.9959,184.246
6.9990,193.972
7.0021,190.663
7.0052,182.528
7.0083,175.547
7.0114,176.138
7.0145,176.301
7.0176,170.644
7.0207,164.773
7.0238,163.876
7.0269,167.527
7.0300,169.917
7.0331,173.539
7.0362,169.953
7.0393,153.798
7.0424,144.243
7.0455,148.547
7.0485,138.535
7.0516,127.283
7.0547,123.722
7.0578,120.734
7.0609,117.427
7.0640,110.542
7.0671,102.952
7.0702,94.623
7.0733,89.201
7.0764,85.346
7.0795,85.688
7.0826,89.525
7.0857,92.300
7.0888,93.309
7.0919,96.183
7.0950,101.416
7.0981,113.297
7.1011,132.089
7.1042,142.962
7.1073,144.267
7.1104,143.925
7.1135,147.032
7.1166,147.962
7.1197,148.046
7.1228,147.999
7.1259,146.529
7.1290,147.190
7.1321,148.351
7.1352,149.458
7.1383,150.328
7.1414,149.962
7.1445,149.069
7.1476,148.860
7.1507,149.594
7.1537,150.984
7.1568,152.353
7.1599,151.906
7.1630,150.588
7.1661,149.115
7.1692,148.199
7.1723,147.525
7.1754,147.089
7.1785,145.572
7.1816,143.796
7.1847,143.512
7.1878,138.915
7.1909,129.679
7.1940,121.208
7.1971,116.933
7.2002,110.653
7.2033,104.716
7.2063,98.342
7.2094,92.558
7.2125,88.125
7.2156,86.132
7.2187,85.669
7.2218,85.269
7.2249,84.404
7.2280,83.921
7.2311,83.954
7.2342,84.491
7.2373,89.552
7.2404,96.872
7.2435,107.057
7.2466,115.749
7.2497,125.514
7.2528,131.842
7.2559,134.491
7.2589,137.919
7.2620,141.383
7.2651,141.445
7.2682,142.759
7.2713,143.673
7.2744,141.619
7.2775,142.101
7.2806,141.744
7.2837,140.764
7.2868,141.172
7.2899,142.049
7.2930,142.059
7.2961,143.524
7.2992,146.339
7.3023,146.312
7.3054,146.071
7.3085,146.085
7.3116,145.304
7.3146,144.508
7.3177,145.116
7.3208,144.358
7.3239,142.209
7.3270,144.322
7.3301,142.433
7.3332,136.562
7.3363,128.605
7.3394,120.016
7.3425,114.306
7.3456,112.291
7.3487,109.134
7.3518,101.572
7.3549,92.545
7.3580,85.160
7.3611,77.755
7.3642,73.957
7.3672,72.348
7.3703,74.972
7.3734,77.608
7.3765,73.869
7.3796,73.814
7.3827,77.427
7.3858,83.453
7.3889,90.322
7.3920,98.866
7.3951,106.944
7.3982,112.324
7.4013,116.567
7.4044,121.006
7.4075,124.394
7.4106,127.485
7.4137,130.699
7.4168,133.209
7.4198,134.372
7.4229,134.602
7.4260,137.264
7.4291,139.908
7.4322,140.045
7.4353,138.139
7.4384,136.598
7.4415,136.688
7.4446,138.280
7.4477,139.834
7.4508,138.764
7.4539,135.344
7.4570,134.823
7.4601,136.698
7.4632,136.347
7.4663,135.593
7.4694,132.230
7.4724,125.701
7.4755,126.345
7.4786,124.433
7.4817,117.022
7.4848,109.165
7.4879,103.634
7.4910,100.234
7.4941,100.908
7.4972,94.796
7.5003,85.796
7.5034,78.617
7.5065,75.087
7.5096,72.172
7.5127,69.292
7.5158,67.778
7.5189,67.064
7.5220,65.705
7.5250,67.069
7.5281,70.484
7.5312,75.522
7.5343,81.182
7.5374,86.928
7.5405,92.711
7.5436,97.934
7.5467,103.638
7.5498,108.708
7.5529,113.608
7.5560,117.298
7.5591,119.294
7.5622,119.190
7.5653,118.012
7.5684,119.026
7.5715,120.439
7.5746,117.508
7.5777,117.676
7.5807,120.634
7.5838,124.899
7.5869,129.525
7.5900,134.103
7.5931,133.542
7.5962,127.428
7.5993,124.520
7.6024,122.260
7.6055,122.403
7.6086,124.874
7.6117,126.836
7.6148,126.645
7.6179,124.166
7.6210,119.764
7.6241,116.487
7.6272,113.883
7.6303,111.776
7.6333,107.195
7.6364,99.397
7.6395,89.895
7.6426,83.033
7.6457,77.882
7.6488,74.802
7.6519,71.017
7.6550,66.594
7.6581,63.748
7.6612,62.446
7.6643,60.979
7.6674,60.354
7.6705,61.563
7.6736,62.716
7.6767,65.837
7.6798,70.175
7.6829,76.435
7.6859,82.486
7.6890,87.832
7.6921,92.196
7.6952,95.998
7.6983,99.121
7.7014,102.726
7.7045,106.217
7.7076,108.680
7.7107,109.396
7.7138,110.029
7.7169,110.407
7.7200,111.080
7.7231,113.353
7.7262,116.978
7.7293,120.346
7.7324,121.530
7.7355,120.723
7.7385,119.567
7.7416,119.489
7.7447,120.596
7.7478,119.087
7.7509,117.376
7.7540,115.707
7.7571,114.131
7.7602,112.015
7.7633,110.524
7.7664,108.399
7.7695,103.737
7.7726,96.882
7.7757,91.381
7.7788,87.472
7.7819,81.811
7.7850,75.831
7.7881,71.435
7.7911,68.312
7.7942,65.387
7.7973,63.516
7.8004,62.098
7.8035,60.926
7.8066,59.785
7.8097,59.119
7.8128,59.195
7.8159,61.172
7.8190,62.681
7.8221,61.627
7.8252,63.547
7.8283,66.620
7.8314,69.257
7.8345,70.416
7.8376,73.744
7.8407,81.695
7.8438,92.333
7.8468,97.695
7.8499,103.689
7.8530,107.269
7.8561,109.409
7.8592,109.495
7.8623,108.370
7.8654,107.496
7.8685,106.171
7.8716,104.156
7.8747,103.011
7.8778,103.357
7.8809,104.119
7.8840,105.488
7.8871,107.325
7.8902,108.506
7.8933,108.868
7.8964,109.766
7.8994,111.183
7.9025,113.990
7.9056,111.295
7.9087,103.396
7.9118,99.106
7.9149,98.109
7.9180,93.678
7.9211,88.651
7.9242,85.074
7.9273,83.340
7.9304,78.475
7.9335,75.271
7.9366,73.387
7.9397,73.504
7.9428,67.491
7.9459,60.398
7.9490,55.385
7.9520,52.155
7.9551,49.848
7.9582,51.778
7.9613,53.092
7.9644,51.899
7.9675,52.221
7.9706,52.866
7.9737,55.318
7.9768,57.867
7.9799,63.973
7.9830,68.739
7.9861,75.203
7.9892,80.187
7.9923,85.869
7.9954,88.945
7.9985,92.977
8.0016,97.174
8.0046,100.961
8.0077,103.671
8.0108,106.050
8.0139,107.817
8.0170,108.737
8.0201,110.648
8.0232,112.175
8.0263,113.039
8.0294,112.489
8.0325,110.915
8.0356,108.448
8.0387,105.141
8.0418,101.759
8.0449,99.656
8.0480,98.513
8.0511,97.204
8.0542,95.622
8.0572,94.188
8.0603,93.319
8.0634,92.264
8.0665,89.812
8.0696,85.411
8.0727,78.950
8.0758,68.787
8.0789,62.489
8.0820,59.394
8.0851,55.716
8.0882,55.081
8.0913,52.304
8.0944,50.351
8.0975,48.246
8.1006,46.355
8.1037,45.507
8.1068,45.428
8.1098,45.695
8.1129,47.122
8.1160,50.502
8.1191,51.373
8.1222,52.931
8.1253,55.089
8.1284,57.974
8.1315,60.922
8.1346,63.425
8.1377,66.103
8.1408,71.047
8.1439,77.678
8.1470,80.341
8.1501,78.743
8.1532,78.276
8.1563,80.596
8.1594,82.409
8.1625,82.767
8.1655,83.864
8.1686,86.701
8.1717,89.149
8.1748,89.243
8.1779,88.161
8.1810,87.153
8.1841,86.962
8.1872,87.157
8.1903,86.284
8.1934,86.465
8.1965,86.578
8.1996,86.118
8.2027,85.370
8.2058,84.498
8.2089,82.994
8.2120,80.059
8.2151,75.772
8.2181,71.816
8.2212,68.375
8.2243,65.822
8.2274,63.356
8.2305,59.789
8.2336,56.430
8.2367,52.543
8.2398,49.415
8.2429,47.976
8.2460,45.242
8.2491,43.544
8.2522,42.785
8.2553,41.392
8.2584,40.891
8.2615,41.995
8.2646,42.101
8.2677,44.086
8.2707,46.401
8.2738,49.334
8.2769,52.741
8.2800,55.938
8.2831,58.615
8.2862,60.727
8.2893,65.471
8.2924,66.685
8.2955,69.794
8.2986,72.140
8.3017,74.665
8.3048,79.853
8.3079,84.900
8.3110,88.092
8.3141,91.717
8.3172,91.176
8.3203,92.516
8.3233,93.758
8.3264,92.995
8.3295,90.846
8.3326,90.433
8.3357,90.164
8.3388,88.221
8.3419,84.193
8.3450,82.884
8.3481,82.186
8.3512,82.285
8.3543,84.093
8.3574,85.232
8.3605,80.953
8.3636,71.116
8.3667,63.789
8.3698,56.805
8.3729,53.421
8.3759,49.770
8.3790,48.187
8.3821,44.117
8.3852,42.852
8.3883,42.346
8.3914,41.774
8.3945,41.000
8.3976,40.916
8.4007,40.469
8.4038,39.674
8.4069,39.278
8.4100,40.178
8.4131,41.724
8.4162,43.434
8.4193,46.620
8.4224,50.265
8.4255,53.754
8.4286,56.458
8.4316,58.192
8.4347,59.634
8.4378,62.878
8.4409,66.043
8.4440,66.281
8.4471,68.986
8.4502,72.475
8.4533,73.661
8.4564,74.580
8.4595,76.526
8.4626,78.363
8.4657,80.780
8.4688,84.535
8.4719,85.972
8.4750,82.830
8.4781,77.931
8.4812,75.909
8.4842,74.989
8.4873,72.349
8.4904,69.714
8.4935,68.961
8.4966,68.262
8.4997,68.075
8.5028,67.019
8.5059,63.802
8.5090,60.623
8.5121,55.742
8.5152,52.815
8.5183,48.947
8.5214,44.795
8.5245,41.659
8.5276,39.032
8.5307,37.841
8.5338,36.609
8.5368,34.545
8.5399,33.307
8.5430,33.731
8.5461,35.000
8.5492,34.753
8.5523,34.108
8.5554,35.066
8.5585,36.170
8.5616,35.317
8.5647,36.924
8.5678,39.315
8.5709,41.711
8.5740,44.632
8.5771,46.982
8.5802,48.551
8.5833,51.673
8.5864,56.812
8.5894,59.976
8.5925,62.950
8.5956,66.399
8.5987,68.926
8.6018,70.735
8.6049,71.700
8.6080,72.108
8.6111,72.031
8.6142,72.263
8.6173,72.236
8.6204,72.163
8.6235,72.150
8.6266,72.153
8.6297,72.358
8.6328,72.818
8.6359,74.026
8.6390,74.135
8.6420,73.925
8.6451,72.812
8.6482,71.604
8.6513,69.394
8.6544,67.221
8.6575,64.394
8.6606,56.203
8.6637,51.716
8.6668,48.361
8.6699,45.519
8.6730,43.735
8.6761,39.000
8.6792,34.222
8.6823,31.014
8.6854,29.785
8.6885,28.132
8.6916,27.004
8.6946,26.577
8.6977,27.157
8.7008,28.513
8.7039,30.519
8.7070,31.792
8.7101,33.992
8.7132,36.179
8.7163,39.228
8.7194,40.719
8.7225,41.841
8.7256,43.903
8.7287,47.262
8.7318,49.841
8.7349,52.373
8.7380,55.612
8.7411,58.414
8.7442,60.472
8.7473,60.374
8.7503,61.540
8.7534,63.099
8.7565,64.399
8.7596,65.506
8.7627,67.582
8.7658,67.723
8.7689,65.665
8.7720,65.665
8.7751,67.357
8.7782,66.112
8.7813,63.207
8.7844,59.677
8.7875,58.485
8.7906,56.517
8.7937,54.616
8.7968,52.841
8.7999,50.704
8.8029,50.337
8.8060,48.409
8.8091,45.695
8.8122,43.994
8.8153,41.337
8.8184,38.720
8.8215,36.958
8.8246,34.309
8.8277,32.786
8.8308,31.423
8.8339,29.148
8.8370,28.426
8.8401,28.078
8.8432,27.771
8.8463,27.744
8.8494,27.974
8.8525,28.976
8.8555,29.668
8.8586,31.354
8.8617,31.660
8.8648,32.449
8.8679,33.944
8.8710,36.228
8.8741,39.138
8.8772,42.697
8.8803,45.658
8.8834,49.896
8.8865,51.325
8.8896,52.132
8.8927,53.172
8.8958,54.164
8.8989,54.962
8.9020,56.000
8.9051,57.014
8.9081,57.801
8.9112,58.114
8.9143,59.237
8.9174,60.278
8.9205,59.884
8.9236,58.978
8.9267,57.941
8.9298,56.680
8.9329,56.520
8.9360,55.550
8.9391,53.314
8.9422,51.061
8.9453,48.485
8.9484,46.513
8.9515,44.920
8.9546,43.063
8.9577,41.901
8.9607,41.176
8.9638,39.533
8.9669,38.107
8.9700,36.240
8.9731,34.169
8.9762,33.033
8.9793,31.973
8.9824,28.531
8.9855,27.228
8.9886,26.834
8.9917,26.158
8.9948,24.950
8.9979,25.007
9.0010,25.489
9.0041,25.998
9.0072,27.117
9.0103,27.679
9.0134,29.321
9.0164,31.259
9.0195,34.061
9.0226,36.126
9.0257,38.401
9.0288,41.293
9.0319,46.807
9.0350,48.535
9.0381,48.351
9.0412,47.877
9.0443,49.677
9.0474,50.848
9.0505,51.248
9.0536,51.272
9.0567,52.846
9.0598,52.966
9.0629,52.546
9.0660,52.406
9.0690,51.684
9.0721,51.878
9.0752,51.672
9.0783,49.594
9.0814,45.070
9.0845,42.832
9.0876,41.049
9.0907,38.997
9.0938,36.668
9.0969,34.674
9.1000,33.234
9.1031,32.450
9.1062,32.275
9.1093,31.101
9.1124,29.378
9.1155,27.830
9.1186,25.353
9.1216,23.812
9.1247,22.812
9.1278,22.250
9.1309,23.305
9.1340,23.026
9.1371,21.946
9.1402,21.762
9.1433,21.013
9.1464,20.513
9.1495,20.588
9.1526,21.238
9.1557,22.537
9.1588,23.779
9.1619,25.719
9.1650,27.426
9.1681,29.605
9.1712,31.294
9.1742,33.623
9.1773,35.125
9.1804,38.445
9.1835,39.342
9.1866,40.630
9.1897,42.267
9.1928,43.162
9.1959,42.983
9.1990,43.319
9.2021,43.373
9.2052,43.927
9.2083,43.776
9.2114,43.557
9.2145,43.215
9.2176,42.162
9.2207,41.948
9.2238,41.296
9.2268,41.824
9.2299,43.559
9.2330,39.920
9.2361,36.451
9.2392,33.999
9.2423,32.459
9.2454,31.194
9.2485,28.681
9.2516,26.541
9.2547,23.983
9.2578,23.362
9.2609,22.766
9.2640,21.725
9.2671,21.825
9.2702,20.988
9.2733,20.746
9.2764,19.811
9.2795,19.333
9.2825,19.333
9.2856,19.333
9.2887,19.507
9.2918,20.333
9.2949,20.333
9.2980,20.563
9.3011,21.724
9.3042,22.058
9.3073,22.551
9.3104,23.690
9.3135,24.755
9.3166,26.062
9.3197,27.170
9.3228,28.169
9.3259,29.364
9.3290,31.344
9.3321,32.877
9.3351,34.420
9.3382,34.895
9.3413,35.169
9.3444,35.874
9.3475,37.839
9.3506,39.982
9.3537,40.933
9.3568,40.984
9.3599,40.826
9.3630,39.951
9.3661,39.698
9.3692,39.567
9.3723,38.820
9.3754,38.286
9.3785,35.801
9.3816,35.404
9.3847,33.999
9.3877,31.803
9.3908,30.337
9.3939,28.389
9.3970,26.716
9.4001,25.827
9.4032,24.728
9.4063,23.435
9.4094,23.943
9.4125,23.536
9.4156,20.749
9.4187,18.613
9.4218,18.549
9.4249,19.183
9.4280,16.613
9.4311,16.333
9.4342,16.333
9.4373,16.425
9.4403,16.908
9.4434,17.118
9.4465,17.946
9.4496,18.895
9.4527,21.662
9.4558,23.211
9.4589,24.597
9.4620,26.158
9.4651,27.210
9.4682,28.585
9.4713,30.118
9.4744,30.843
9.4775,30.307
9.4806,32.004
9.4837,32.188
9.4868,33.027
9.4899,33.239
9.4929,34.094
9.4960,34.235
9.4991,34.177
9.5022,33.914
9.5053,35.100
9.5084,33.496
9.5115,32.821
9.5146,33.740
9.5177,32.191
9.5208,31.523
9.5239,31.902
9.5270,31.480
9.5301,30.664
9.5332,29.946
9.5363,28.653
9.5394,26.718
9.5425,25.720
9.5455,23.865
9.5486,22.664
9.5517,20.233
9.5548,19.467
9.5579,18.001
9.5610,15.853
9.5641,14.227
9.5672,12.898
9.5703,11.695
9.5734,11.000
9.5765,11.082
9.5796,11.732
9.5827,12.814
9.5858,13.809
9.5889,14.795
9.5920,15.813
9.5951,16.859
9.5982,18.148
9.6012,19.137
9.6043,19.878
9.6074,20.939
9.6105,22.193
9.6136,23.492
9.6167,24.584
9.6198,25.543
9.6229,26.728
9.6260,28.776
9.6291,29.464
9.6322,29.665
9.6353,30.726
9.6384,31.204
9.6415,31.720
9.6446,32.547
9.6477,32.644
9.6508,33.030
9.6538,32.874
9.6569,33.414
9.6600,33.823
9.6631,34.197
9.6662,34.736
9.6693,35.232
9.6724,34.159
9.6755,30.312
9.6786,27.573
9.6817,24.418
9.6848,22.157
9.6879,19.878
9.6910,18.938
9.6941,17.735
9.6972,17.899
9.7003,16.033
9.7034,16.000
9.7064,15.864
9.7095,15.000
9.7126,15.000
9.7157,14.910
9.7188,14.333
9.7219,14.369
9.7250,14.569
9.7281,14.498
9.7312,14.183
9.7343,14.156
9.7374,14.130
9.7405,14.103
9.7436,14.143
9.7467,14.667
9.7498,15.577
9.7529,15.843
9.7560,17.016
9.7590,17.261
9.7621,18.251
9.7652,19.126
9.7683,20.127
9.7714,21.396
9.7745,23.383
9.7776,25.521
9.7807,24.617
9.7838,25.063
9.7869,25.987
9.7900,26.118
9.7931,25.786
9.7962,27.274
9.7993,27.441
9.8024,28.218
9.8055,27.316
9.8086,26.476
9.8116,27.060
9.8147,27.656
9.8178,26.081
9.8209,22.152
9.8240,18.000
9.8271,17.915
9.8302,17.290
9.8333,16.836
9.8364,15.654
9.8395,15.286
9.8426,14.808
9.8457,13.636
9.8488,11.632
9.8519,11.386
9.8550,11.333
9.8581,11.302
9.8612,11.087
9.8643,11.096
9.8673,11.105
9.8704,11.262
9.8735,12.333
9.8766,12.454
9.8797,13.333
9.8828,13.530
9.8859,15.024
9.8890,15.373
9.8921,15.709
9.8952,16.158
9.8983,17.104
9.9014,17.171
9.9045,17.421
9.9076,17.387
9.9107,17.000
9.9138,17.000
9.9169,17.000
9.9199,17.078
9.9230,17.706
9.9261,18.056
9.9292,18.509
9.9323,18.546
9.9354,18.597
9.9385,18.333
9.9416,18.331
9.9447,18.173
9.9478,17.001
9.9509,17.019
9.9540,17.036
9.9571,17.054
9.9602,16.958
9.9633,16.089
9.9664,16.057
9.9695,15.354
9.9725,12.970
9.9756,12.986
9.9787,12.981
9.9818,12.645
9.9849,12.431
9.9880,12.207
9.9911,12.144
9.9942,11.885
9.9973,12.000
10.0004,12.000
10.0035,12.000
10.0066,11.963
10.0097,11.612
10.0128,11.333
10.0159,11.291
10.0190,11.151
10.0221,13.000
10.0251,13.000
10.0282,13.000
10.0313,13.000
10.0344,13.000
10.0375,13.000
10.0406,13.000
10.0437,13.029
10.0468,13.288
10.0499,13.426
10.0530,14.276
10.0561,14.642
10.0592,14.719
10.0623,15.388
10.0654,16.000
10.0685,16.079
10.0716,16.667
10.0747,16.667
10.0777,16.667
10.0808,16.608
10.0839,16.110
10.0870,16.114
10.0901,16.000
10.0932,15.923
10.0963,15.270
10.0994,15.297
10.1025,15.323
10.1056,15.350
10.1087,15.376
10.1118,15.362
10.1149,15.000
10.1180,14.864
10.1211,13.655
10.1242,13.623
10.1273,13.132
10.1304,12.675
10.1334,11.935
10.1365,11.250
10.1396,10.521
10.1427,10.426
10.1458,9.278
10.1489,9.480
10.1520,9.474
10.1551,9.208
10.1582,8.746
10.1613,8.841
10.1644,8.829
10.1675,8.946
10.1706,9.302
10.1737,9.340
10.1768,9.639
10.1799,9.718
10.1830,10.402
10.1860,11.066
10.1891,11.788
10.1922,12.397
10.1953,12.752
10.1984,12.976
10.2015,14.231
10.2046,14.942
10.2077,15.754
10.2108,15.991
10.2139,16.758
10.2170,16.767
10.2201,16.776
10.2232,16.774
10.2263,16.667
10.2294,16.607
10.2325,15.983
10.2356,15.820
10.2386,15.829
10.2417,15.823
10.2448,15.640
10.2479,15.344
10.2510,14.930
10.2541,14.206
10.2572,14.157
10.2603,13.538
10.2634,13.276
10.2665,12.609
10.2696,12.000
10.2727,11.857
10.2758,10.333
10.2789,10.191
10.2820,8.667
10.2851,8.582
10.2882,7.667
10.2912,7.667
10.2943,7.667
10.2974,7.639
10.3005,7.333
10.3036,7.361
10.3067,7.667
10.3098,7.722
10.3129,8.333
10.3160,8.333
10.3191,8.333
10.3222,8.344
10.3253,8.485
10.3284,8.542
10.3315,9.000
10.3346,9.000
10.3377,9.000
10.3408,9.053
10.3438,9.667
10.3469,9.678
10.3500,9.813
10.3531,9.836
10.3562,10.000
10.3593,10.000
10.3624,10.000
10.3655,10.000
10.3686,10.000
10.3717,10.000
10.3748,10.000
10.3779,10.000
10.3810,10.000
10.3841,10.000
10.3872,10.000
10.3903,10.075
10.3934,11.000
10.3965,10.975
10.3995,10.667
10.4026,10.667
10.4057,10.593
10.4088,9.667
10.4119,9.667
10.4150,9.569
10.4181,8.333
10.4212,8.285
10.4243,7.667
10.4274,7.667
10.4305,7.667
10.4336,7.667
10.4367,7.658
10.4398,7.492
10.4429,7.000
10.4460,6.977
10.4491,6.667
10.4521,6.667
10.4552,6.667
10.4583,6.667
10.4614,6.667
10.4645,6.735
10.4676,7.667
10.4707,7.667
10.4738,7.667
10.4769,7.667
10.4800,7.667
10.4831,7.667
10.4862,7.667
10.4893,7.667
10.4924,7.667
10.4955,7.667
10.4986,7.698
10.5017,8.168
10.5047,8.333
10.5078,8.333
10.5109,8.333
10.5140,8.333
10.5171,8.333
10.5202,8.333
10.5233,8.333
10.5264,8.333
10.5295,8.333
10.5326,8.333
10.5357,8.333
10.5388,8.333
10.5419,8.333
10.5450,8.333
10.5481,8.333
10.5512,8.333
10.5543,8.300
10.5573,7.807
10.5604,7.815
10.5635,7.667
10.5666,7.667
10.5697,7.667
10.5728,7.608
10.5759,6.667
10.5790,6.667
10.5821,6.667
10.5852,6.667
10.5883,6.647
10.5914,6.333
10.5945,6.333
10.5976,6.333
10.6007,6.310
10.6038,5.940
10.6069,5.931
10.6099,5.333
10.6130,5.333
10.6161,5.333
10.6192,5.333
10.6223,5.333
10.6254,5.333
10.6285,5.333
10.6316,5.333
10.6347,5.333
10.6378,5.369
10.6409,6.000
10.6440,6.000
10.6471,6.035
10.6502,6.667
10.6533,6.667
10.6564,6.667
10.6595,6.667
10.6625,6.769
10.6656,8.623
10.6687,7.820
10.6718,7.667
10.6749,7.667
10.6780,7.629
10.6811,6.921
10.6842,6.667
10.6873,6.667
10.6904,6.667
10.6935,6.667
10.6966,6.654
10.6997,6.364
10.7028,6.000
10.7059,6.000
10.7090,6.000
10.7121,6.000
10.7151,6.000
10.7182,5.954
10.7213,5.000
10.7244,5.000
10.7275,5.000
10.7306,5.000
10.7337,5.000
10.7368,5.000
10.7399,5.000
10.7430,5.000
10.7461,5.000
10.7492,5.000
10.7523,5.000
10.7554,5.000
10.7585,5.000
10.7616,5.028
10.7647,5.667
10.7678,5.667
10.7708,5.667
10.7739,5.667
10.7770,5.667
10.7801,5.667
10.7832,5.667
10.7863,5.667
10.7894,5.667
10.7925,5.667
10.7956,5.667
10.7987,5.667
10.8018,5.667
10.8049,5.667
10.8080,5.667
10.8111,5.667
10.8142,5.667
10.8173,5.667
10.8204,5.667
10.8234,5.667
10.8265,5.667
10.8296,5.667
10.8327,5.667
10.8358,5.667
10.8389,5.667
10.8420,5.667
10.8451,5.667
10.8482,5.644
10.8513,5.000
10.8544,5.000
10.8575,5.000
10.8606,5.000
10.8637,5.000
10.8668,5.000
10.8699,5.000
10.8730,5.000
10.8760,5.000
10.8791,5.000
10.8822,5.000
10.8853,5.000
10.8884,5.000
10.8915,5.000
10.8946,5.000
10.8977,4.970
10.9008,4.000
10.9039,4.000
10.9070,4.000
10.9101,4.029
10.9132,5.000
10.9163,5.000
10.9194,5.000
10.9225,5.000
10.9256,5.000
10.9286,5.000
10.9317,5.000
10.9348,5.000
10.9379,5.000
10.9410,5.000
10.9441,5.000
10.9472,5.000
10.9503,5.000
10.9534,5.000
10.9565,5.000
10.9596,5.016
10.9627,5.667
10.9658,5.667
10.9689,5.667
10.9720,5.667
10.9751,5.667
10.9782,5.667
10.9812,5.667
10.9843,5.667
10.9874,5.667
10.9905,5.667
10.9936,5.667
10.9967,5.667
10.9998,5.667
11.0029,5.667
11.0060,5.667
11.0091,5.652
11.0122,4.936
11.0153,4.918
11.0184,4.900
11.0215,4.872
11.0246,4.333
11.0277,4.333
11.0308,4.333
11.0339,4.333
11.0369,4.333
11.0400,4.341
11.0431,4.770
11.0462,5.355
11.0493,5.301
11.0524,4.701
11.0555,4.328
11.0586,4.006
11.0617,4.667
11.0648,4.667
11.0679,4.667
11.0710,4.667
11.0741,4.667
11.0772,4.667
11.0803,4.667
11.0834,4.667
11.0865,4.667
11.0895,4.667
11.0926,4.667
11.0957,4.667
11.0988,4.667
11.1019,4.667
11.1050,4.667
11.1081,4.667
11.1112,4.667
11.1143,4.667
11.1174,4.667
11.1205,4.667
11.1236,4.667
11.1267,4.667
11.1298,4.667
11.1329,4.667
11.1360,4.667
11.1391,4.667
11.1421,4.667
11.1452,4.667
11.1483,4.667
11.1514,4.667
11.1545,4.667
11.1576,4.667
11.1607,4.667
11.1638,4.667
11.1669,4.667
11.1700,4.667
11.1731,4.667
11.1762,4.667
11.1793,4.667
11.1824,4.667
11.1855,4.667
11.1886,4.667
11.1917,4.667
11.1947,4.667
11.1978,4.667
11.2009,4.667
11.2040,4.667
11.2071,4.669
11.2102,5.667
11.2133,5.667
11.2164,5.667
11.2195,5.667
11.2226,5.667
11.2257,5.667
11.2288,5.667
11.2319,5.667
11.2350,5.667
